Day,Time,Course,Instructor,Room,Batch
Monday,08:00-08:50,ED111,NKS,CEP-204,202412
Monday,08:00-08:50,SC223,MKR,CEP-110,202413
Monday,08:00-08:50,SC223,PK2,CEP-102,202413
Monday,08:00-08:50,MC213,SP,CEP-105,202414
Monday,08:00-08:50,EL526,YA,CEP-108,202415
Monday,08:00-08:50,EL401,HSJ,CEP-103,202416
Monday,08:00-08:50,EL453,RP,CEP-106,202417
Monday,08:00-08:50,MC311,AT,CEP-202,202418
Monday,08:00-08:50,EL470,AB,CEP-104,202419
Monday,08:00-08:50,EL453,RP,CEP-106,202417
Monday,08:00-08:50,EL401,HSJ,CEP-103,202416
Monday,08:00-08:50,EL470,AB,CEP-104,202419
Monday,08:00-08:50,IT582,MVJ,CEP-205,202420
Monday,08:00-08:50,IT582,MVJ,CEP-205,202420
Monday,08:00-08:50,EL526,YA,CEP-108,202415
Monday,08:00-08:50,IT582,MVJ,CEP-205,202420
Monday,08:00-08:50,EL526,YA,CEP-108,202415
Monday,08:00-08:50,EL453,RP,CEP-106,202417
Monday,08:00-08:50,IT603,AC,CEP-207,202421
Monday,08:00-08:50,DS605,AR2,LAB A-SF,202422
Monday,08:00-08:50,MA615,KCS,CEP-211,202423
Monday,09:00-09:50,MC116,SK,CEP-104,202424
Monday,09:00-09:50,ED112,AR,CEP-103,202425
Monday,09:00-09:50,IT227,SB,CEP-102,202426
Monday,09:00-09:50,IT227,AKM,CEP-110,202426
Monday,09:00-09:50,MC216,SCN,CEP-105,202427
Monday,09:00-09:50,ED213,HP,CEP-107,202428
Monday,09:00-09:50,CT303,MK2,LT-1,202429
Monday,09:00-09:50,CT303,AJ,LT-2,202429
Monday,09:00-09:50,SC404,AM2,CEP-106,202430
Monday,09:00-09:50,SC471,VS,CEP-206,202431
Monday,09:00-09:50,EL505,BM,CEP-203,202432
Monday,09:00-09:50,SC404,AM2,CEP-106,202430
Monday,09:00-09:50,SC471,VS,CEP-206,202431
Monday,09:00-09:50,HM405,GM,CEP-108,202433
Monday,09:00-09:50,HM432,NB,CEP-204,202434
Monday,09:00-09:50,SC408,AKT,LT-3,202435
Monday,09:00-09:50,HM411,SG,CEP-205,202436
Monday,09:00-09:50,SC404,AM2,CEP-106,202430
Monday,09:00-09:50,SC471,VS,CEP-206,202431
Monday,09:00-09:50,HM405,GM,CEP-108,202433
Monday,09:00-09:50,HM432,NB,CEP-204,202434
Monday,09:00-09:50,HM411,SG,CEP-205,202436
Monday,09:00-09:50,SC404,AM2,CEP-106,202430
Monday,09:00-09:50,SC471,VS,CEP-206,202431
Monday,09:00-09:50,IT503,AKT,LT-3,202437
Monday,09:00-09:50,SC404,AM2,CEP-106,202430
Monday,09:00-09:50,SC471,VS,CEP-206,202431
Monday,09:00-09:50,IT503,AKT,LT-3,202437
Monday,09:00-09:50,SC404,AM2,CEP-106,202430
Monday,09:00-09:50,SC471,VS,CEP-206,202431
Monday,09:00-09:50,IT503,AKT,LT-3,202437
Monday,09:00-09:50,SC404,AM2,CEP-106,202430
Monday,09:00-09:50,SC471,VS,CEP-206,202431
Monday,09:00-09:50,IT503,AKT,LT-3,202437
Monday,09:00-09:50,EL505,BM,CEP-203,202432
Monday,09:00-09:50,SC612,RM,CEP-207,202438
Monday,09:00-09:50,DS604,PMJ,LAB A-SF,202439
Monday,09:00-09:50,IT644,JL,CEP-209,202440
Monday,09:00-09:50,MA614,BBJ,CEP-211,202441
Monday,10:00-10:50,PC110,AM,LT-3,202442
Monday,10:00-10:50,PC110,AM,LT-3,202442
Monday,10:00-10:50,HM216,SJ,CEP-110,202443
Monday,10:00-10:50,HM216,SJ,CEP-110,202443
Monday,10:00-10:50,CT437,HP,CEP-103,202444
Monday,10:00-10:50,IE415,SK,CEP-108,202445
Monday,10:00-10:50,IE402,NKS,CEP-204,202446
Monday,10:00-10:50,IE494,PMJ,CEP-203,202447
Monday,10:00-10:50,IE494,PMJ,CEP-203,202447
Monday,10:00-10:50,ED311,BM/HP/YA/TKM/SR,CEP-107,202448
Monday,10:00-10:50,IE494,PMJ,CEP-203,202447
Monday,10:00-10:50,CT437,HP,CEP-103,202444
Monday,10:00-10:50,SC477,GD,CEP-202,202449
Monday,10:00-10:50,SC406,BBC,CEP-106,202450
Monday,10:00-10:50,IE415,SK,CEP-108,202445
Monday,10:00-10:50,IE402,NKS,CEP-204,202446
Monday,10:00-10:50,IT405,BC,CEP-104,202451
Monday,10:00-10:50,SC477,GD,CEP-202,202449
Monday,10:00-10:50,IE494,PMJ,CEP-203,202447
Monday,10:00-10:50,SC406,BBC,CEP-106,202450
Monday,10:00-10:50,IT405,BC,CEP-104,202451
Monday,10:00-10:50,IT580,MLD,CEP-209,202452
Monday,10:00-10:50,IE402,NKS,CEP-204,202446
Monday,10:00-10:50,IT580,MLD,CEP-209,202452
Monday,10:00-10:50,IE402,NKS,CEP-204,202446
Monday,10:00-10:50,IE402,NKS,CEP-204,202446
Monday,10:00-10:50,IE402,NKS,CEP-204,202446
Monday,10:00-10:50,IT505,BC,CEP-104,202453
Monday,10:00-10:50,CT540,HP,CEP-103,202454
Monday,10:00-10:50,PC613,JJ,CEP-207,202455
Monday,10:00-10:50,DS601,PA,LAB A-SF,202456
Monday,10:00-10:50,IT580,MLD,CEP-209,202452
Monday,10:00-10:50,IE494,PMJ,CEP-203,202447
Monday,10:00-10:50,CT437,HP,CEP-103,202444
Monday,10:00-10:50,MA612,GP,CEP-211,202457
Monday,11:00-11:50,IT112,RC,LT-2,202458
Monday,11:00-11:50,PC110,AM,LT-3,202442
Monday,11:00-11:50,MC111,VS,CEP-105,202459
Monday,11:00-11:50,PC110,AM,LT-3,202442
Monday,11:00-11:50,ED214,BM,CEP-104 ,202460
Monday,11:00-11:50,IT304,SS,CEP-110,202461
Monday,11:00-11:50,IT304,MC,CEP-102,202461
Monday,11:00-11:50,MC314,CJ,CEP-202,202462
Monday,11:00-11:50,HM116,CJ,CEP-202,202463
Monday,11:00-11:50,SC435,MT,CEP-108,202464
Monday,11:00-11:50,SC478,PR,CEP-103,202465
Monday,11:00-11:50,SC401,PK3,CEP-205,202466
Monday,11:00-11:50,SC435,MT,CEP-108,202464
Monday,11:00-11:50,SC478,PR,CEP-103,202465
Monday,11:00-11:50,PC503,AV,CEP-204,202467
Monday,11:00-11:50,PC503,AV,CEP-204,202467
Monday,11:00-11:50,PC503,AV,CEP-204,202467
Monday,11:00-11:50,PC503,AV,CEP-204,202467
Monday,11:00-11:50,IT643,AC,CEP-209,202468
Monday,11:00-11:50,DS635,TBD,LAB A-SF,202469
Monday,12:00-12:50,MC123,SB2,CEP-104,202470
Monday,12:00-12:50,CT204,RLD,CEP-110,202471
Monday,12:00-12:50,CT204,SM,CEP-102,202471
Monday,12:00-12:50,MC211,MS,CEP-105,202472
Monday,12:00-12:50,ED211,YV,CEP-205,202473
Monday,12:00-12:50,IT462,GP,CEP-204,202474
Monday,12:00-12:50,IT543,MKR,CEP-202,202475
Monday,12:00-12:50,IT462,GP,CEP-204,202474
Monday,12:00-12:50,IT543,MKR,CEP-202,202475
Monday,12:00-12:50,ED312,SR,CEP-107,202476
Monday,12:00-12:50,IT486,AMM,CEP-106,202477
Monday,12:00-12:50,IT524,MVJ,CEP-108,202478
Monday,12:00-12:50,IT543,MKR,CEP-202,202475
Monday,12:00-12:50,IT486,AMM,CEP-106,202477
Monday,12:00-12:50,IT543,MKR,CEP-202,202475
Monday,12:00-12:50,PC512,PD,CEP-203,202479
Monday,12:00-12:50,PC512,PD,CEP-203,202479
Monday,12:00-12:50,PC512,PD,CEP-203,202479
Monday,12:00-12:50,PC512,PD,CEP-203,202479
Monday,12:00-12:50,IT486,AMM,CEP-106,202477
Monday,12:00-12:50,IT543,MKR,CEP-202,202475
Monday,12:00-12:50,IT524,MVJ,CEP-108,202478
Monday,12:00-12:50,IT623,SP,CEP-207,202480
Monday,12:00-12:50,DS602,TB,LAB A-SF,202481
Monday,12:00-12:50,IT462,GP,CEP-204,202474
Monday,12:00-12:50,IT524,MVJ,CEP-108,202478
Monday,12:00-12:50,MA611,DG1,CEP-211,202482
Tuesday,08:00-08:50,PC110,AM,LT-3,202442
Tuesday,08:00-08:50,IT112,SS,LT-2,202458
Tuesday,08:00-08:50,PC110,AM,LT-3,202442
Tuesday,08:00-08:50,IT112,SS,LT-2,202458
Tuesday,08:00-08:50,MC212,MB,CEP-105,202483
Tuesday,08:00-08:50,ED211,YV,CEP-103,202473
Tuesday,08:00-08:50,IT314,ST,CEP-102,202484
Tuesday,08:00-08:50,CT505,AJ,CEP-203,202485
Tuesday,08:00-08:50,CS374,PK2,CEP-104,202486
Tuesday,08:00-08:50,CT505,AJ,CEP-203,202485
Tuesday,08:00-08:50,EL467,YA,CEP-108,202487
Tuesday,08:00-08:50,IT457,PKS,CEP-209,202488
Tuesday,08:00-08:50,IT594,SDG,CEP-204,202489
Tuesday,08:00-08:50,EL467,YA,CEP-108,202487
Tuesday,08:00-08:50,CT505,AJ,CEP-203,202485
Tuesday,08:00-08:50,IT531,AG1,CEP-205,202490
Tuesday,08:00-08:50,IT594,SDG,CEP-204,202489
Tuesday,08:00-08:50,IT457,PKS,CEP-209,202488
Tuesday,08:00-08:50,IT457,PKS,CEP-209,202488
Tuesday,08:00-08:50,EL467,YA,CEP-108,202487
Tuesday,08:00-08:50,IT531,AG1,CEP-205,202490
Tuesday,08:00-08:50,IT594,SDG,CEP-204,202489
Tuesday,08:00-08:50,IT457,PKS,CEP-209,202488
Tuesday,08:00-08:50,IT531,AG1,CEP-205,202490
Tuesday,08:00-08:50,IT594,SDG,CEP-204,202489
Tuesday,08:00-08:50,IT457,PKS,CEP-209,202488
Tuesday,09:00-09:50,ED111,NKS,CEP-204,202412
Tuesday,09:00-09:50,SC223,MKR,CEP-110,202413
Tuesday,09:00-09:50,SC223,PK2,CEP-102,202413
Tuesday,09:00-09:50,MC213,SP,CEP-105,202414
Tuesday,09:00-09:50,EL526,YA,CEP-108,202415
Tuesday,09:00-09:50,EL401,HSJ,CEP-103,202416
Tuesday,09:00-09:50,EL453,RP,CEP-106,202417
Tuesday,09:00-09:50,MC311,AT,CEP-202,202418
Tuesday,09:00-09:50,EL470,AB,CEP-104,202419
Tuesday,09:00-09:50,EL453,RP,CEP-106,202417
Tuesday,09:00-09:50,EL401,HSJ,CEP-103,202416
Tuesday,09:00-09:50,EL470,AB,CEP-104,202419
Tuesday,09:00-09:50,IT582,MVJ,CEP-205,202420
Tuesday,09:00-09:50,IT582,MVJ,CEP-205,202420
Tuesday,09:00-09:50,EL526,YA,CEP-108,202415
Tuesday,09:00-09:50,IT582,MVJ,CEP-205,202420
Tuesday,09:00-09:50,EL526,YA,CEP-108,202415
Tuesday,09:00-09:50,EL453,RP,CEP-106,202417
Tuesday,09:00-09:50,IT603,AC,CEP-207,202421
Tuesday,09:00-09:50,DS605,AR2,LAB A-SF,202422
Tuesday,09:00-09:50,MA615,KCS,CEP-211,202423
Tuesday,10:00-10:50,EL111,PK,LT-2,202491
Tuesday,10:00-10:50,EL111,RLD,LT-3,202491
Tuesday,10:00-10:50,MC112,VSP,CEP-105,202492
Tuesday,10:00-10:50,EL111,RLD,LT-3,202491
Tuesday,10:00-10:50,HM216,SJ,CEP-102,202443
Tuesday,10:00-10:50,HM216,SJ,CEP-102,202443
Tuesday,10:00-10:50,IT314,ST,CEP-110,202484
Tuesday,10:00-10:50,MC312,MT,CEP-202,202493
Tuesday,10:00-10:50,HM484,BK,CEP-106,202494
Tuesday,10:00-10:50,HM333,NB,CEP-108,202495
Tuesday,10:00-10:50,HM403,CJ,CEP-209,202496
Tuesday,10:00-10:50,HM404,VM,CEP-103,202497
Tuesday,10:00-10:50,HM410,GM,CEP-203,202498
Tuesday,10:00-10:50,CT509,YV/AJ/MK2/AG1,CEP-107,202499
Tuesday,10:00-10:50,HM484,BK,CEP-106,202494
Tuesday,10:00-10:50,HM333,NB,CEP-108,202495
Tuesday,10:00-10:50,HM403,CJ,CEP-209,202496
Tuesday,10:00-10:50,HM404,VM,CEP-104,202497
Tuesday,10:00-10:50,HM410,GM,CEP-203,202498
Tuesday,10:00-10:50,CT509,YV/AJ/MK2/AG1,CEP-107,202499
Tuesday,10:00-10:50,HM410,GM,CEP-203,202498
Tuesday,10:00-10:50,HM403,CJ,CEP-209,202496
Tuesday,10:00-10:50,HM333,NB,CEP-108,202495
Tuesday,10:00-10:50,HM409,AT,CEP-206,202500
Tuesday,10:00-10:50,DS401,PG,CEP-205,202501
Tuesday,10:00-10:50,DS401,PG,CEP-205,202501
Tuesday,11:00-11:50,SC107,AM2,LT-3,202502
Tuesday,11:00-11:50,SC107,SB2,LT-2,202502
Tuesday,11:00-11:50,IT216,PB,CEP-110,202503
Tuesday,11:00-11:50,IT216,RM,CEP-102,202503
Tuesday,11:00-11:50,MC214,AMM,CEP-106,202504
Tuesday,11:00-11:50,ED212,PK,CEP-105,202505
Tuesday,11:00-11:50,IE420,TKM,CEP-107,202506
Tuesday,11:00-11:50,IE407,VSP,CEP-204,202507
Tuesday,11:00-11:50,IE406,PA,LT-1,202508
Tuesday,11:00-11:50,IE403,PKS,CEP-103,202509
Tuesday,11:00-11:50,MC313,GD,CEP-205,202510
Tuesday,11:00-11:50,EL420,TKM,CEP-107,202511
Tuesday,11:00-11:50,IE411,AMM,CEP-106,202512
Tuesday,11:00-11:50,IE411,AMM,CEP-106,202512
Tuesday,11:00-11:50,IE407,VSP,CEP-204,202507
Tuesday,11:00-11:50,IE406,PA,LT-1,202508
Tuesday,11:00-11:50,IE403,PKS,CEP-103,202509
Tuesday,11:00-11:50,IE420,TKM,CEP-107,202506
Tuesday,11:00-11:50,IE403,PKS,CEP-103,202509
Tuesday,11:00-11:50,IE403,PKS,CEP-103,202509
Tuesday,11:00-11:50,IE407,VSP,CEP-204,202507
Tuesday,11:00-11:50,IT586,AKS,CEP-203,202513
Tuesday,11:00-11:50,IT586,AKS,CEP-203,202513
Tuesday,11:00-11:50,EL518,TKM,CEP-107,202514
Tuesday,11:00-11:50,IT615,TBD,CEP-207,202515
Tuesday,11:00-11:50,DS603,AKM,CEP-202,202516
Tuesday,11:00-11:50,IT645,SB,CEP-209,202517
Tuesday,11:00-11:50,DS636,M.Sc-DS (program-coordinator),LAB A-SF,202518
Tuesday,11:00-11:50,MA613,SP1,CEP-211,202519
Tuesday,12:00-12:50,PC110,AM,LT-3,202442
Tuesday,12:00-12:50,PC110,AM,LT-3,202442
Tuesday,12:00-12:50,HM216,SJ,CEP-110,202443
Tuesday,12:00-12:50,HM216,SJ,CEP-110,202443
Tuesday,12:00-12:50,CT437,HP,CEP-103,202444
Tuesday,12:00-12:50,IE415,SK,CEP-108,202445
Tuesday,12:00-12:50,IE402,NKS,CEP-204,202446
Tuesday,12:00-12:50,IE494,PMJ,CEP-203,202447
Tuesday,12:00-12:50,IE494,PMJ,CEP-203,202447
Tuesday,12:00-12:50,ED311,BM/HP/YA/TKM/SR,CEP-107,202448
Tuesday,12:00-12:50,IE494,PMJ,CEP-203,202447
Tuesday,12:00-12:50,CT437,HP,CEP-103,202444
Tuesday,12:00-12:50,SC477,GD,CEP-202,202449
Tuesday,12:00-12:50,SC406,BBC,CEP-106,202450
Tuesday,12:00-12:50,IE415,SK,CEP-108,202445
Tuesday,12:00-12:50,IE402,NKS,CEP-204,202446
Tuesday,12:00-12:50,IT405,BC,CEP-104,202451
Tuesday,12:00-12:50,SC477,GD,CEP-202,202449
Tuesday,12:00-12:50,IE494,PMJ,CEP-203,202447
Tuesday,12:00-12:50,SC406,BBC,CEP-106,202450
Tuesday,12:00-12:50,IT405,BC,CEP-104,202451
Tuesday,12:00-12:50,IT580,MLD,CEP-209,202452
Tuesday,12:00-12:50,IE402,NKS,CEP-204,202446
Tuesday,12:00-12:50,IT580,MLD,CEP-209,202452
Tuesday,12:00-12:50,IE402,NKS,CEP-204,202446
Tuesday,12:00-12:50,IE402,NKS,CEP-204,202446
Tuesday,12:00-12:50,IE402,NKS,CEP-204,202446
Tuesday,12:00-12:50,IT505,BC,CEP-104,202453
Tuesday,12:00-12:50,CT540,HP,CEP-103,202454
Tuesday,12:00-12:50,PC613,JJ,CEP-207,202455
Tuesday,12:00-12:50,DS601,PA,LAB A-SF,202456
Tuesday,12:00-12:50,IT580,MLD,CEP-209,202452
Tuesday,12:00-12:50,IE494,PMJ,CEP-203,202447
Tuesday,12:00-12:50,CT437,HP,CEP-103,202444
Tuesday,12:00-12:50,MA612,GP,CEP-211,202457
Wednesday,08:00-08:50,IC101,AR3/VSP/SK,LT-2,202520
Wednesday,08:00-08:50,IC101,AR3/VSP/SK,LT-3,202520
Wednesday,08:00-08:50,IT314,ST,CEP-110,202484
Wednesday,09:00-09:50,EL111,PK,LT-2,202491
Wednesday,09:00-09:50,EL111,RLD,LT-3,202491
Wednesday,09:00-09:50,MC112,VSP,CEP-105,202492
Wednesday,09:00-09:50,EL111,RLD,LT-3,202491
Wednesday,09:00-09:50,HM216,SJ,CEP-102,202443
Wednesday,09:00-09:50,HM216,SJ,CEP-102,202443
Wednesday,09:00-09:50,IT314,ST,CEP-110,202484
Wednesday,09:00-09:50,MC312,MT,CEP-202,202493
Wednesday,09:00-09:50,HM484,BK,CEP-106,202494
Wednesday,09:00-09:50,HM333,NB,CEP-108,202495
Wednesday,09:00-09:50,HM403,CJ,CEP-209,202496
Wednesday,09:00-09:50,HM404,VM,CEP-103,202497
Wednesday,09:00-09:50,HM410,GM,CEP-203,202498
Wednesday,09:00-09:50,CT509,YV/AJ/MK2/AG1,CEP-107,202499
Wednesday,09:00-09:50,HM484,BK,CEP-106,202494
Wednesday,09:00-09:50,HM333,NB,CEP-108,202495
Wednesday,09:00-09:50,HM403,CJ,CEP-209,202496
Wednesday,09:00-09:50,HM404,VM,CEP-104,202497
Wednesday,09:00-09:50,HM410,GM,CEP-203,202498
Wednesday,09:00-09:50,CT509,YV/AJ/MK2/AG1,CEP-107,202499
Wednesday,09:00-09:50,HM410,GM,CEP-203,202498
Wednesday,09:00-09:50,HM403,CJ,CEP-209,202496
Wednesday,09:00-09:50,HM333,NB,CEP-108,202495
Wednesday,09:00-09:50,HM409,AT,CEP-206,202500
Wednesday,09:00-09:50,DS401,PG,CEP-205,202501
Wednesday,09:00-09:50,DS401,PG,CEP-205,202501
Wednesday,10:00-10:50,PC110,AM,LT-3,202442
Wednesday,10:00-10:50,IT112,SS,LT-2,202458
Wednesday,10:00-10:50,PC110,AM,LT-3,202442
Wednesday,10:00-10:50,IT112,SS,LT-2,202458
Wednesday,10:00-10:50,MC212,MB,CEP-105,202483
Wednesday,10:00-10:50,ED211,YV,CEP-103,202473
Wednesday,10:00-10:50,IT314,ST,CEP-102,202484
Wednesday,10:00-10:50,CT505,AJ,CEP-203,202485
Wednesday,10:00-10:50,CS374,PK2,CEP-104,202486
Wednesday,10:00-10:50,CT505,AJ,CEP-203,202485
Wednesday,10:00-10:50,EL467,YA,CEP-108,202487
Wednesday,10:00-10:50,IT457,PKS,CEP-209,202488
Wednesday,10:00-10:50,IT594,SDG,CEP-204,202489
Wednesday,10:00-10:50,EL467,YA,CEP-108,202487
Wednesday,10:00-10:50,CT505,AJ,CEP-203,202485
Wednesday,10:00-10:50,IT531,AG1,CEP-205,202490
Wednesday,10:00-10:50,IT594,SDG,CEP-204,202489
Wednesday,10:00-10:50,IT457,PKS,CEP-209,202488
Wednesday,10:00-10:50,IT457,PKS,CEP-209,202488
Wednesday,10:00-10:50,EL467,YA,CEP-108,202487
Wednesday,10:00-10:50,IT531,AG1,CEP-205,202490
Wednesday,10:00-10:50,IT594,SDG,CEP-204,202489
Wednesday,10:00-10:50,IT457,PKS,CEP-209,202488
Wednesday,10:00-10:50,IT531,AG1,CEP-205,202490
Wednesday,10:00-10:50,IT594,SDG,CEP-204,202489
Wednesday,10:00-10:50,IT457,PKS,CEP-209,202488
Wednesday,11:00-11:50,IT112,RC,LT-2,202458
Wednesday,11:00-11:50,PC110,AM,LT-3,202442
Wednesday,11:00-11:50,MC111,VS,CEP-105,202459
Wednesday,11:00-11:50,PC110,AM,LT-3,202442
Wednesday,11:00-11:50,ED214,BM,CEP-104 ,202460
Wednesday,11:00-11:50,IT304,SS,CEP-110,202461
Wednesday,11:00-11:50,IT304,MC,CEP-102,202461
Wednesday,11:00-11:50,MC314,CJ,CEP-202,202462
Wednesday,11:00-11:50,HM116,CJ,CEP-202,202463
Wednesday,11:00-11:50,SC435,MT,CEP-108,202464
Wednesday,11:00-11:50,SC478,PR,CEP-103,202465
Wednesday,11:00-11:50,SC401,PK3,CEP-205,202466
Wednesday,11:00-11:50,SC435,MT,CEP-108,202464
Wednesday,11:00-11:50,SC478,PR,CEP-103,202465
Wednesday,11:00-11:50,PC503,AV,CEP-204,202467
Wednesday,11:00-11:50,PC503,AV,CEP-204,202467
Wednesday,11:00-11:50,PC503,AV,CEP-204,202467
Wednesday,11:00-11:50,PC503,AV,CEP-204,202467
Wednesday,11:00-11:50,IT643,AC,CEP-209,202468
Wednesday,11:00-11:50,DS635,TBD,LAB A-SF,202469
Wednesday,12:00-12:50,MC123,SB2,CEP-104,202470
Wednesday,12:00-12:50,CT204,RLD,CEP-110,202471
Wednesday,12:00-12:50,CT204,SM,CEP-102,202471
Wednesday,12:00-12:50,MC211,MS,CEP-105,202472
Wednesday,12:00-12:50,ED211,YV,CEP-205,202473
Wednesday,12:00-12:50,IT462,GP,CEP-204,202474
Wednesday,12:00-12:50,IT543,MKR,CEP-202,202475
Wednesday,12:00-12:50,IT462,GP,CEP-204,202474
Wednesday,12:00-12:50,IT543,MKR,CEP-202,202475
Wednesday,12:00-12:50,ED312,SR,CEP-107,202476
Wednesday,12:00-12:50,IT486,AMM,CEP-106,202477
Wednesday,12:00-12:50,IT524,MVJ,CEP-108,202478
Wednesday,12:00-12:50,IT543,MKR,CEP-202,202475
Wednesday,12:00-12:50,IT486,AMM,CEP-106,202477
Wednesday,12:00-12:50,IT543,MKR,CEP-202,202475
Wednesday,12:00-12:50,PC512,PD,CEP-203,202479
Wednesday,12:00-12:50,PC512,PD,CEP-203,202479
Wednesday,12:00-12:50,PC512,PD,CEP-203,202479
Wednesday,12:00-12:50,PC512,PD,CEP-203,202479
Wednesday,12:00-12:50,IT486,AMM,CEP-106,202477
Wednesday,12:00-12:50,IT543,MKR,CEP-202,202475
Wednesday,12:00-12:50,IT524,MVJ,CEP-108,202478
Wednesday,12:00-12:50,IT623,SP,CEP-207,202480
Wednesday,12:00-12:50,DS602,TB,LAB A-SF,202481
Wednesday,12:00-12:50,IT462,GP,CEP-204,202474
Wednesday,12:00-12:50,IT524,MVJ,CEP-108,202478
Wednesday,12:00-12:50,MA611,DG1,CEP-211,202482
Thursday,08:00-08:50,IT112,RC,LT-2,202458
Thursday,08:00-08:50,PC110,AM,LT-3,202442
Thursday,08:00-08:50,MC111,VS,CEP-105,202459
Thursday,08:00-08:50,PC110,AM,LT-3,202442
Thursday,08:00-08:50,ED214,BM,CEP-104 ,202460
Thursday,08:00-08:50,IT304,SS,CEP-110,202461
Thursday,08:00-08:50,IT304,MC,CEP-102,202461
Thursday,08:00-08:50,MC314,CJ,CEP-202,202462
Thursday,08:00-08:50,HM116,CJ,CEP-202,202463
Thursday,08:00-08:50,SC435,MT,CEP-108,202464
Thursday,08:00-08:50,SC478,PR,CEP-103,202465
Thursday,08:00-08:50,SC401,PK3,CEP-205,202466
Thursday,08:00-08:50,SC435,MT,CEP-108,202464
Thursday,08:00-08:50,SC478,PR,CEP-103,202465
Thursday,08:00-08:50,PC503,AV,CEP-204,202467
Thursday,08:00-08:50,PC503,AV,CEP-204,202467
Thursday,08:00-08:50,PC503,AV,CEP-204,202467
Thursday,08:00-08:50,PC503,AV,CEP-204,202467
Thursday,08:00-08:50,IT643,AC,CEP-209,202468
Thursday,08:00-08:50,DS635,TBD,LAB A-SF,202469
Thursday,09:00-09:50,SC107,AM2,LT-3,202502
Thursday,09:00-09:50,SC107,SB2,LT-2,202502
Thursday,09:00-09:50,IT216,PB,CEP-110,202503
Thursday,09:00-09:50,IT216,RM,CEP-102,202503
Thursday,09:00-09:50,MC214,AMM,CEP-106,202504
Thursday,09:00-09:50,ED212,PK,CEP-105,202505
Thursday,09:00-09:50,IE420,TKM,CEP-107,202506
Thursday,09:00-09:50,IE407,VSP,CEP-204,202507
Thursday,09:00-09:50,IE406,PA,LT-1,202508
Thursday,09:00-09:50,IE403,PKS,CEP-103,202509
Thursday,09:00-09:50,MC313,GD,CEP-205,202510
Thursday,09:00-09:50,EL420,TKM,CEP-107,202511
Thursday,09:00-09:50,IE411,AMM,CEP-106,202512
Thursday,09:00-09:50,IE411,AMM,CEP-106,202512
Thursday,09:00-09:50,IE407,VSP,CEP-204,202507
Thursday,09:00-09:50,IE406,PA,LT-1,202508
Thursday,09:00-09:50,IE403,PKS,CEP-103,202509
Thursday,09:00-09:50,IE420,TKM,CEP-107,202506
Thursday,09:00-09:50,IE403,PKS,CEP-103,202509
Thursday,09:00-09:50,IE403,PKS,CEP-103,202509
Thursday,09:00-09:50,IE407,VSP,CEP-204,202507
Thursday,09:00-09:50,IT586,AKS,CEP-203,202513
Thursday,09:00-09:50,IT586,AKS,CEP-203,202513
Thursday,09:00-09:50,EL518,TKM,CEP-107,202514
Thursday,09:00-09:50,IT615,TBD,CEP-207,202515
Thursday,09:00-09:50,DS603,AKM,CEP-202,202516
Thursday,09:00-09:50,IT645,SB,CEP-209,202517
Thursday,09:00-09:50,DS636,M.Sc-DS (program-coordinator),LAB A-SF,202518
Thursday,09:00-09:50,MA613,SP1,CEP-211,202519
Thursday,10:00-10:50,MC116,SK,CEP-104,202424
Thursday,10:00-10:50,ED112,AR,CEP-103,202425
Thursday,10:00-10:50,IT227,SB,CEP-102,202426
Thursday,10:00-10:50,IT227,AKM,CEP-110,202426
Thursday,10:00-10:50,MC216,SCN,CEP-105,202427
Thursday,10:00-10:50,ED213,HP,CEP-107,202428
Thursday,10:00-10:50,CT303,MK2,LT-1,202429
Thursday,10:00-10:50,CT303,AJ,LT-2,202429
Thursday,10:00-10:50,SC404,AM2,CEP-106,202430
Thursday,10:00-10:50,SC471,VS,CEP-206,202431
Thursday,10:00-10:50,EL505,BM,CEP-203,202432
Thursday,10:00-10:50,SC404,AM2,CEP-106,202430
Thursday,10:00-10:50,SC471,VS,CEP-206,202431
Thursday,10:00-10:50,HM405,GM,CEP-108,202433
Thursday,10:00-10:50,HM432,NB,CEP-204,202434
Thursday,10:00-10:50,SC408,AKT,LT-3,202435
Thursday,10:00-10:50,HM411,SG,CEP-205,202436
Thursday,10:00-10:50,SC404,AM2,CEP-106,202430
Thursday,10:00-10:50,SC471,VS,CEP-206,202431
Thursday,10:00-10:50,HM405,GM,CEP-108,202433
Thursday,10:00-10:50,HM432,NB,CEP-204,202434
Thursday,10:00-10:50,HM411,SG,CEP-205,202436
Thursday,10:00-10:50,SC404,AM2,CEP-106,202430
Thursday,10:00-10:50,SC471,VS,CEP-206,202431
Thursday,10:00-10:50,IT503,AKT,LT-3,202437
Thursday,10:00-10:50,SC404,AM2,CEP-106,202430
Thursday,10:00-10:50,SC471,VS,CEP-206,202431
Thursday,10:00-10:50,IT503,AKT,LT-3,202437
Thursday,10:00-10:50,SC404,AM2,CEP-106,202430
Thursday,10:00-10:50,SC471,VS,CEP-206,202431
Thursday,10:00-10:50,IT503,AKT,LT-3,202437
Thursday,10:00-10:50,SC404,AM2,CEP-106,202430
Thursday,10:00-10:50,SC471,VS,CEP-206,202431
Thursday,10:00-10:50,IT503,AKT,LT-3,202437
Thursday,10:00-10:50,EL505,BM,CEP-203,202432
Thursday,10:00-10:50,SC612,RM,CEP-207,202438
Thursday,10:00-10:50,DS604,PMJ,LAB A-SF,202439
Thursday,10:00-10:50,IT644,JL,CEP-209,202440
Thursday,10:00-10:50,MA614,BBJ,CEP-211,202441
Thursday,11:00-11:50,ED111,NKS,CEP-204,202412
Thursday,11:00-11:50,SC223,MKR,CEP-110,202413
Thursday,11:00-11:50,SC223,PK2,CEP-102,202413
Thursday,11:00-11:50,MC213,SP,CEP-105,202414
Thursday,11:00-11:50,EL526,YA,CEP-108,202415
Thursday,11:00-11:50,EL401,HSJ,CEP-103,202416
Thursday,11:00-11:50,EL453,RP,CEP-106,202417
Thursday,11:00-11:50,MC311,AT,CEP-202,202418
Thursday,11:00-11:50,EL470,AB,CEP-104,202419
Thursday,11:00-11:50,EL453,RP,CEP-106,202417
Thursday,11:00-11:50,EL401,HSJ,CEP-103,202416
Thursday,11:00-11:50,EL470,AB,CEP-104,202419
Thursday,11:00-11:50,IT582,MVJ,CEP-205,202420
Thursday,11:00-11:50,IT582,MVJ,CEP-205,202420
Thursday,11:00-11:50,EL526,YA,CEP-108,202415
Thursday,11:00-11:50,IT582,MVJ,CEP-205,202420
Thursday,11:00-11:50,EL526,YA,CEP-108,202415
Thursday,11:00-11:50,EL453,RP,CEP-106,202417
Thursday,11:00-11:50,IT603,AC,CEP-207,202421
Thursday,11:00-11:50,DS605,AR2,LAB A-SF,202422
Thursday,11:00-11:50,MA615,KCS,CEP-211,202423
Thursday,12:00-12:50,PC110,AM,LT-3,202442
Thursday,12:00-12:50,PC110,AM,LT-3,202442
Thursday,12:00-12:50,HM216,SJ,CEP-110,202443
Thursday,12:00-12:50,HM216,SJ,CEP-110,202443
Thursday,12:00-12:50,CT437,HP,CEP-103,202444
Thursday,12:00-12:50,IE415,SK,CEP-108,202445
Thursday,12:00-12:50,IE402,NKS,CEP-204,202446
Thursday,12:00-12:50,IE494,PMJ,CEP-203,202447
Thursday,12:00-12:50,IE494,PMJ,CEP-203,202447
Thursday,12:00-12:50,ED311,BM/HP/YA/TKM/SR,CEP-107,202448
Thursday,12:00-12:50,IE494,PMJ,CEP-203,202447
Thursday,12:00-12:50,CT437,HP,CEP-103,202444
Thursday,12:00-12:50,SC477,GD,CEP-202,202449
Thursday,12:00-12:50,SC406,BBC,CEP-106,202450
Thursday,12:00-12:50,IE415,SK,CEP-108,202445
Thursday,12:00-12:50,IE402,NKS,CEP-204,202446
Thursday,12:00-12:50,IT405,BC,CEP-104,202451
Thursday,12:00-12:50,SC477,GD,CEP-202,202449
Thursday,12:00-12:50,IE494,PMJ,CEP-203,202447
Thursday,12:00-12:50,SC406,BBC,CEP-106,202450
Thursday,12:00-12:50,IT405,BC,CEP-104,202451
Thursday,12:00-12:50,IT580,MLD,CEP-209,202452
Thursday,12:00-12:50,IE402,NKS,CEP-204,202446
Thursday,12:00-12:50,IT580,MLD,CEP-209,202452
Thursday,12:00-12:50,IE402,NKS,CEP-204,202446
Thursday,12:00-12:50,IE402,NKS,CEP-204,202446
Thursday,12:00-12:50,IE402,NKS,CEP-204,202446
Thursday,12:00-12:50,IT505,BC,CEP-104,202453
Thursday,12:00-12:50,CT540,HP,CEP-103,202454
Thursday,12:00-12:50,PC613,JJ,CEP-207,202455
Thursday,12:00-12:50,DS601,PA,LAB A-SF,202456
Thursday,12:00-12:50,IT580,MLD,CEP-209,202452
Thursday,12:00-12:50,IE494,PMJ,CEP-203,202447
Thursday,12:00-12:50,CT437,HP,CEP-103,202444
Thursday,12:00-12:50,MA612,GP,CEP-211,202457
Friday,08:00-08:50,SC107,AM2,LT-3,202502
Friday,08:00-08:50,SC107,SB2,LT-2,202502
Friday,08:00-08:50,IT216,PB,CEP-110,202503
Friday,08:00-08:50,IT216,RM,CEP-102,202503
Friday,08:00-08:50,MC214,AMM,CEP-106,202504
Friday,08:00-08:50,ED212,PK,CEP-105,202505
Friday,08:00-08:50,IE420,TKM,CEP-107,202506
Friday,08:00-08:50,IE407,VSP,CEP-204,202507
Friday,08:00-08:50,IE406,PA,LT-1,202508
Friday,08:00-08:50,IE403,PKS,CEP-103,202509
Friday,08:00-08:50,MC313,GD,CEP-205,202510
Friday,08:00-08:50,EL420,TKM,CEP-107,202511
Friday,08:00-08:50,IE411,AMM,CEP-106,202512
Friday,08:00-08:50,IE411,AMM,CEP-106,202512
Friday,08:00-08:50,IE407,VSP,CEP-204,202507
Friday,08:00-08:50,IE406,PA,LT-1,202508
Friday,08:00-08:50,IE403,PKS,CEP-103,202509
Friday,08:00-08:50,IE420,TKM,CEP-107,202506
Friday,08:00-08:50,IE403,PKS,CEP-103,202509
Friday,08:00-08:50,IE403,PKS,CEP-103,202509
Friday,08:00-08:50,IE407,VSP,CEP-204,202507
Friday,08:00-08:50,IT586,AKS,CEP-203,202513
Friday,08:00-08:50,IT586,AKS,CEP-203,202513
Friday,08:00-08:50,EL518,TKM,CEP-107,202514
Friday,08:00-08:50,IT615,TBD,CEP-207,202515
Friday,08:00-08:50,DS603,AKM,CEP-202,202516
Friday,08:00-08:50,IT645,SB,CEP-209,202517
Friday,08:00-08:50,DS636,M.Sc-DS (program-coordinator),LAB A-SF,202518
Friday,08:00-08:50,MA613,SP1,CEP-211,202519
Friday,09:00-09:50,MC116,SK,CEP-104,202424
Friday,09:00-09:50,ED112,AR,CEP-103,202425
Friday,09:00-09:50,IT227,SB,CEP-102,202426
Friday,09:00-09:50,IT227,AKM,CEP-110,202426
Friday,09:00-09:50,MC216,SCN,CEP-105,202427
Friday,09:00-09:50,ED213,HP,CEP-107,202428
Friday,09:00-09:50,CT303,MK2,LT-1,202429
Friday,09:00-09:50,CT303,AJ,LT-2,202429
Friday,09:00-09:50,SC404,AM2,CEP-106,202430
Friday,09:00-09:50,SC471,VS,CEP-206,202431
Friday,09:00-09:50,EL505,BM,CEP-203,202432
Friday,09:00-09:50,SC404,AM2,CEP-106,202430
Friday,09:00-09:50,SC471,VS,CEP-206,202431
Friday,09:00-09:50,HM405,GM,CEP-108,202433
Friday,09:00-09:50,HM432,NB,CEP-204,202434
Friday,09:00-09:50,SC408,AKT,LT-3,202435
Friday,09:00-09:50,HM411,SG,CEP-205,202436
Friday,09:00-09:50,SC404,AM2,CEP-106,202430
Friday,09:00-09:50,SC471,VS,CEP-206,202431
Friday,09:00-09:50,HM405,GM,CEP-108,202433
Friday,09:00-09:50,HM432,NB,CEP-204,202434
Friday,09:00-09:50,HM411,SG,CEP-205,202436
Friday,09:00-09:50,SC404,AM2,CEP-106,202430
Friday,09:00-09:50,SC471,VS,CEP-206,202431
Friday,09:00-09:50,IT503,AKT,LT-3,202437
Friday,09:00-09:50,SC404,AM2,CEP-106,202430
Friday,09:00-09:50,SC471,VS,CEP-206,202431
Friday,09:00-09:50,IT503,AKT,LT-3,202437
Friday,09:00-09:50,SC404,AM2,CEP-106,202430
Friday,09:00-09:50,SC471,VS,CEP-206,202431
Friday,09:00-09:50,IT503,AKT,LT-3,202437
Friday,09:00-09:50,SC404,AM2,CEP-106,202430
Friday,09:00-09:50,SC471,VS,CEP-206,202431
Friday,09:00-09:50,IT503,AKT,LT-3,202437
Friday,09:00-09:50,EL505,BM,CEP-203,202432
Friday,09:00-09:50,SC612,RM,CEP-207,202438
Friday,09:00-09:50,DS604,PMJ,LAB A-SF,202439
Friday,09:00-09:50,IT644,JL,CEP-209,202440
Friday,09:00-09:50,MA614,BBJ,CEP-211,202441
Friday,10:00-10:50,EL111,PK,LT-2,202491
Friday,10:00-10:50,EL111,RLD,LT-3,202491
Friday,10:00-10:50,MC112,VSP,CEP-105,202492
Friday,10:00-10:50,EL111,RLD,LT-3,202491
Friday,10:00-10:50,HM216,SJ,CEP-102,202443
Friday,10:00-10:50,HM216,SJ,CEP-102,202443
Friday,10:00-10:50,IT314,ST,CEP-110,202484
Friday,10:00-10:50,MC312,MT,CEP-202,202493
Friday,10:00-10:50,HM484,BK,CEP-106,202494
Friday,10:00-10:50,HM333,NB,CEP-108,202495
Friday,10:00-10:50,HM403,CJ,CEP-209,202496
Friday,10:00-10:50,HM404,VM,CEP-103,202497
Friday,10:00-10:50,HM410,GM,CEP-203,202498
Friday,10:00-10:50,CT509,YV/AJ/MK2/AG1,CEP-107,202499
Friday,10:00-10:50,HM484,BK,CEP-106,202494
Friday,10:00-10:50,HM333,NB,CEP-108,202495
Friday,10:00-10:50,HM403,CJ,CEP-209,202496
Friday,10:00-10:50,HM404,VM,CEP-104,202497
Friday,10:00-10:50,HM410,GM,CEP-203,202498
Friday,10:00-10:50,CT509,YV/AJ/MK2/AG1,CEP-107,202499
Friday,10:00-10:50,HM410,GM,CEP-203,202498
Friday,10:00-10:50,HM403,CJ,CEP-209,202496
Friday,10:00-10:50,HM333,NB,CEP-108,202495
Friday,10:00-10:50,HM409,AT,CEP-206,202500
Friday,10:00-10:50,DS401,PG,CEP-205,202501
Friday,10:00-10:50,DS401,PG,CEP-205,202501
Friday,11:00-11:50,PC110,AM,LT-3,202442
Friday,11:00-11:50,IT112,SS,LT-2,202458
Friday,11:00-11:50,PC110,AM,LT-3,202442
Friday,11:00-11:50,IT112,SS,LT-2,202458
Friday,11:00-11:50,MC212,MB,CEP-105,202483
Friday,11:00-11:50,ED211,YV,CEP-103,202473
Friday,11:00-11:50,IT314,ST,CEP-102,202484
Friday,11:00-11:50,CT505,AJ,CEP-203,202485
Friday,11:00-11:50,CS374,PK2,CEP-104,202486
Friday,11:00-11:50,CT505,AJ,CEP-203,202485
Friday,11:00-11:50,EL467,YA,CEP-108,202487
Friday,11:00-11:50,IT457,PKS,CEP-209,202488
Friday,11:00-11:50,IT594,SDG,CEP-204,202489
Friday,11:00-11:50,EL467,YA,CEP-108,202487
Friday,11:00-11:50,CT505,AJ,CEP-203,202485
Friday,11:00-11:50,IT531,AG1,CEP-205,202490
Friday,11:00-11:50,IT594,SDG,CEP-204,202489
Friday,11:00-11:50,IT457,PKS,CEP-209,202488
Friday,11:00-11:50,IT457,PKS,CEP-209,202488
Friday,11:00-11:50,EL467,YA,CEP-108,202487
Friday,11:00-11:50,IT531,AG1,CEP-205,202490
Friday,11:00-11:50,IT594,SDG,CEP-204,202489
Friday,11:00-11:50,IT457,PKS,CEP-209,202488
Friday,11:00-11:50,IT531,AG1,CEP-205,202490
Friday,11:00-11:50,IT594,SDG,CEP-204,202489
Friday,11:00-11:50,IT457,PKS,CEP-209,202488
Friday,12:00-12:50,MC123,SB2,CEP-104,202470
Friday,12:00-12:50,CT204,RLD,CEP-110,202471
Friday,12:00-12:50,CT204,SM,CEP-102,202471
Friday,12:00-12:50,MC211,MS,CEP-105,202472
Friday,12:00-12:50,ED211,YV,CEP-205,202473
Friday,12:00-12:50,IT462,GP,CEP-204,202474
Friday,12:00-12:50,IT543,MKR,CEP-202,202475
Friday,12:00-12:50,IT462,GP,CEP-204,202474
Friday,12:00-12:50,IT543,MKR,CEP-202,202475
Friday,12:00-12:50,ED312,SR,CEP-107,202476
Friday,12:00-12:50,IT486,AMM,CEP-106,202477
Friday,12:00-12:50,IT524,MVJ,CEP-108,202478
Friday,12:00-12:50,IT543,MKR,CEP-202,202475
Friday,12:00-12:50,IT486,AMM,CEP-106,202477
Friday,12:00-12:50,IT543,MKR,CEP-202,202475
Friday,12:00-12:50,PC512,PD,CEP-203,202479
Friday,12:00-12:50,PC512,PD,CEP-203,202479
Friday,12:00-12:50,PC512,PD,CEP-203,202479
Friday,12:00-12:50,PC512,PD,CEP-203,202479
Friday,12:00-12:50,IT486,AMM,CEP-106,202477
Friday,12:00-12:50,IT543,MKR,CEP-202,202475
Friday,12:00-12:50,IT524,MVJ,CEP-108,202478
Friday,12:00-12:50,IT623,SP,CEP-207,202480
Friday,12:00-12:50,DS602,TB,LAB A-SF,202481
Friday,12:00-12:50,IT462,GP,CEP-204,202474
Friday,12:00-12:50,IT524,MVJ,CEP-108,202478
Friday,12:00-12:50,MA611,DG1,CEP-211,202482
